Date,AveragePrice,"Total Volume",4046,4225,4770,"Total Bags","Small Bags","Large Bags","XLarge Bags",type,year,region,Date_new,id,avg_price
2015-10-25,1.36,99554.55,1545.57,36645.91,79.64,61283.43,59381.21,1902.22,0,conventional,2015,BuffaloRochester,2015-10-25,1,1.34
2015-12-27,1.33,64236.62,1036.74,54454.85,48.16,8696.87,8603.62,93.25,0,conventional,2015,Albany,2015-12-27,2,1.63
2015-12-06,0.71,95295.34,35590.98,12526.5,4086.26,43091.6,42734.53,0,357.07,conventional,2015,Boise,2015-12-06,3,1.27
2015-12-27,1.13,450816.39,3886.27,346964.7,13952.56,86012.86,85913.6,99.26,0,conventional,2015,Boston,2015-12-27,122,1.60
2015-12-27,0.99,386100.49,292097.36,27350.92,297.9,66354.31,48605.95,17748.36,0,conventional,2015,Atlanta,2015-12-27,160,1.22
2015-10-18,1.26,156565.98,22805.02,54518.85,44707.32,34534.79,31176.68,3358.11,0,conventional,2015,Charlotte,2015-10-18,171,1.51
2015-12-27,0.9,5040365.47,1833946.59,1760956.02,232755.85,1212707.01,1090140.07,110737.35,11829.59,conventional,2015,California,2015-12-27,178,1.30
2015-12-27,0.93,661137.13,42799,445218.79,78378.25,94741.09,83066.75,1617.67,10056.67,conventional,2015,Chicago,2015-12-27,298,1.32
2015-09-20,1.05,210445.12,3127.8,139042.8,21179.76,47094.76,12353.22,29601.09,5140.45,conventional,2015,CincinnatiDayton,2015-09-20,299,1.32
2015-09-06,0.84,1270739.69,626166.71,505568.94,9815.66,129188.38,120588.01,8581.65,18.72,conventional,2015,DallasFtWorth,2015-09-06,347,1.12
2015-12-27,0.99,107565.04,41808.54,27120.67,15564.05,23071.78,15032.43,3874.64,4164.71,conventional,2015,Columbus,2015-12-27,380,1.20
2015-12-27,0.98,625475.1,93034.2,246747.13,19103.69,266590.08,38620.02,227884.21,85.85,conventional,2015,Denver,2015-12-27,436,1.21
2015-08-09,1.07,341289.98,136799.68,56896.42,80145.92,67447.96,54938.34,1471.57,11038.05,conventional,2015,Detroit,2015-08-09,551,1.21
2015-07-19,1.12,3436864.41,449090.82,1843047.36,454643.18,690083.05,535843.25,110898.39,43341.41,conventional,2015,GreatLakes,2015-07-19,579,1.30
2015-12-27,1.13,147713.85,2992.62,101109.84,5754.75,37856.64,30738.09,2919.24,4199.31,conventional,2015,GrandRapids,2015-12-27,641,1.46
2015-12-27,1.16,173645.55,22694.58,98629.2,149.11,52172.66,51396.6,776.06,0,conventional,2015,HarrisburgScranton,2015-12-27,655,1.39
2015-07-26,1.3,266049.58,3579.93,205203.65,2171.08,55094.92,52815.8,2279.12,0,conventional,2015,HartfordSpringfield,2015-07-26,688,1.89
2015-12-27,0.78,944506.54,389773.22,288003.62,126150.81,140578.89,73711.94,36493.62,30373.33,conventional,2015,Houston,2015-12-27,799,0.98
2015-07-12,1.05,161431.59,4181.35,101947.17,7053.06,48250.01,27061.56,20240.11,948.34,conventional,2015,Indianapolis,2015-07-12,837,1.28
2015-06-28,1.01,293408.89,138921.52,86492.67,4334.64,63660.06,52651.46,11008.6,0,conventional,2015,LasVegas,2015-06-28,876,1.33
2015-12-27,0.99,132982.84,91470.46,7688.79,514.7,33308.89,15300.85,18008.04,0,conventional,2015,Jacksonville,2015-12-27,925,1.42
2015-12-27,0.8,2326942.14,976982.58,455203.42,86202.11,808554.03,722787.61,74359.03,11407.39,conventional,2015,LosAngeles,2015-12-27,931,1.20
2015-06-07,1.01,98865.51,8145.6,62401.26,4540.35,23778.3,12423.77,10432.41,922.12,conventional,2015,Louisville,2015-06-07,1052,1.12
2015-12-27,0.99,545064.74,387953.32,44652.25,54.44,112404.73,53606.13,58798.6,0,conventional,2015,MiamiFtLauderdale,2015-12-27,1105,1.28
2015-05-31,1.14,3039403.06,734816.3,1377202.12,207708.91,719675.73,661787.82,56794.41,1093.5,conventional,2015,Midsouth,2015-05-31,1170,1.33
2015-05-17,0.96,257403.43,172610.15,9661.21,262,74870.07,69919.72,4950.35,0,conventional,2015,NewOrleansMobile,2015-05-17,1176,1.30
2015-12-27,0.96,123669.89,79508.7,8706.29,4748.08,30706.82,23563.06,7140.43,3.33,conventional,2015,Nashville,2015-12-27,1216,1.25
2015-12-27,1.17,596819.4,40450.49,394104.02,17353.79,144911.1,142543.88,2367.22,0,conventional,2015,BaltimoreWashington,2015-12-27,1337,1.40
2015-04-19,1.31,3786141.18,110954.74,2552885.19,6389.9,1115911.35,984678.78,131232.57,0,conventional,2015,Northeast,2015-04-19,1368,1.56
2015-12-27,1.21,304598.42,2601.32,250270.9,12123.24,39602.96,39602.96,0,0,conventional,2015,NorthernNewEngland,2015-12-27,1395,1.51
2015-12-27,0.99,305773.54,211102.9,20765.29,124.04,73781.31,40641.55,33139.76,0,conventional,2015,Orlando,2015-12-27,1473,1.41
2015-12-27,1.17,1129876.05,13711.19,872603.6,894.58,242666.68,208470.99,34191.25,4.44,conventional,2015,NewYork,2015-12-27,1501,1.62
2015-12-27,1.25,308546.88,9778.07,208945.03,530.89,89292.89,82776.35,6513.36,3.18,conventional,2015,Philadelphia,2015-12-27,1526,1.54
2015-03-29,0.57,1231267.27,998057.91,157108.31,8638.85,67462.2,43759.93,23702.27,0,conventional,2015,PhoenixTucson,2015-03-29,1577,1.26
2015-12-27,1.25,73109.9,1241.48,45856.11,951.32,25060.99,17512.17,7392.15,156.67,conventional,2015,Pittsburgh,2015-12-27,1612,1.32
2015-12-27,1.1,1306923.23,571602.6,404837.9,25188.57,305294.16,279127.08,24838.63,1328.45,conventional,2015,Plains,2015-12-27,1707,1.37
2015-12-27,1.01,417190.47,87748.64,131201.91,16182.87,182057.05,181763.3,44.65,249.1,conventional,2015,Portland,2015-12-27,1800,1.46
2015-02-15,1.21,230632.14,66005.8,55126.76,48502.71,60996.87,49618.45,11378.42,0,conventional,2015,RaleighGreensboro,2015-02-15,1847,1.51
2015-12-27,0.98,161577.6,46837.66,67974.89,5986.26,40778.79,40770.1,3.44,5.25,conventional,2015,RichmondNorfolk,2015-12-27,1865,1.34
2015-02-01,1,168217.72,71867.81,65784.29,93.81,30471.81,27117.84,3353.97,0,conventional,2015,Roanoke,2015-02-01,1873,1.16
2015-12-27,0.98,403741.62,98482.89,249362.94,13805.3,42090.49,42084.71,5.78,0,conventional,2015,Sacramento,2015-12-27,1912,1.54
2015-01-04,0.94,461607.33,244152.26,165299.33,15302.75,36852.99,30884.29,5595,373.7,conventional,2015,SanDiego,2015-01-04,2057,1.36
2015-12-27,1.05,692206.4,181704.67,422617.8,28184.73,59699.2,59094.49,582.9,21.81,conventional,2015,SanFrancisco,2015-12-27,2060,1.58
2015-12-13,0.96,257166.53,148691.81,47393.23,7391.81,53689.68,43815.6,9863.71,10.37,conventional,2015,SouthCarolina,2015-12-13,2162,1.39
2015-12-27,1.09,450185.94,101442.85,178459.6,7000.66,163282.83,162930.64,26.71,325.48,conventional,2015,Seattle,2015-12-27,2211,1.23
2015-12-27,0.81,4831664.77,2295315.43,1290847.05,392846.12,852656.17,663310,105317.59,84028.58,conventional,2015,SouthCentral,2015-12-27,2305,1.08
2015-12-06,1.13,2205550.58,1520190.48,248205.38,15672.86,421481.86,275520.16,145934.58,27.12,conventional,2015,Southeast,2015-12-06,2334,1.35
2015-11-01,1.21,152077.32,49010.65,34559.26,43.44,68463.97,64373.15,4084.11,6.71,conventional,2015,StLouis,2015-11-01,2353,1.24
2015-09-27,1.13,252128.43,99077.59,70565.14,99.97,82385.73,42717.37,39668.36,0,conventional,2015,Tampa,2015-09-27,2419,1.32
2015-12-27,1.05,67099.38,20577.16,21592.44,2889.97,22039.81,21900.09,0,139.72,conventional,2015,Spokane,2015-12-27,2491,1.24
2015-08-16,0.98,5718139.41,2640927.73,2027603.38,123334.73,926273.57,685992.88,240262.17,18.52,conventional,2015,West,2015-08-16,2526,1.28
2015-12-27,1.36,42344.22,828.65,23560.51,14.41,17940.65,17940.65,0,0,conventional,2015,Syracuse,2015-12-27,2537,1.36
2015-12-27,0.95,27297983.67,9626901.09,10197890.05,1184340.09,6288852.44,4850404.09,1252626.31,185822.04,conventional,2015,TotalUS,2015-12-27,2568,1.26
2015-12-27,0.71,776404.39,451904.51,141599.36,15486.97,167413.55,123158.22,33065.33,11190,conventional,2015,WestTexNewMexico,2015-12-27,2644,1.17
2016-07-24,1.46,98321.14,11580.64,65195.63,13.73,21531.14,18639.29,241.85,2650,conventional,2016,Albany,2016-07-24,2738,1.63
2016-12-25,0.91,502787.29,205855.78,86015.43,184.62,210731.46,118884.36,91847.1,0,conventional,2016,Atlanta,2016-12-25,2811,1.22
2016-07-03,1.38,844337.61,63050.59,501970.38,50114.65,229201.99,214851.77,2969.08,11381.14,conventional,2016,BaltimoreWashington,2016-07-03,2844,1.40
2016-06-05,1.26,634989.55,8833.67,417995.15,51385.74,156774.99,155072.41,120.91,1581.67,conventional,2016,Boston,2016-06-05,2868,1.60
2016-05-22,0.9,6501981.08,2238875.14,2178820.82,329737.94,1754547.18,1594507.01,129666.02,30374.15,conventional,2016,California,2016-05-22,2915,1.30
2016-12-25,1.03,71168.92,27464.22,2892.64,6681.19,34130.87,33449.4,662.22,19.25,conventional,2016,Boise,2016-12-25,2936,1.27
2016-12-25,1.41,103035.45,1197.33,64434.59,42.09,37361.44,35701.24,1660.2,0,conventional,2016,BuffaloRochester,2016-12-25,2948,1.34
2016-12-25,1.25,155793.03,36125.58,50792.48,7324.64,61550.33,51247.91,10232.98,69.44,conventional,2016,Charlotte,2016-12-25,2995,1.51
2016-12-25,1.22,616653.72,67145.99,352087.3,110167.01,87253.42,81570.81,955.34,4727.27,conventional,2016,Chicago,2016-12-25,3159,1.32
2016-12-25,0.82,276387.95,2168.67,102227.29,970.48,171021.51,26984.7,144036.81,0,conventional,2016,CincinnatiDayton,2016-12-25,3243,1.32
2016-04-10,0.96,135905.09,57345.34,27302.54,9075.23,42181.98,31689.31,9453.96,1038.71,conventional,2016,Columbus,2016-04-10,3287,1.20
2016-03-20,0.73,1005859.79,138938.88,360370.27,10950.53,495600.11,46784.27,448815.84,0,conventional,2016,Denver,2016-03-20,3315,1.21
2016-02-21,1.16,142681.62,3581.34,93603.59,4067.71,41428.98,36166.24,5150.74,112,conventional,2016,GrandRapids,2016-02-21,3325,1.46
2016-12-25,0.76,1199636.75,503168.52,313572.54,3069.14,379826.55,374905.48,2661.1,2259.97,conventional,2016,DallasFtWorth,2016-12-25,3338,1.12
2016-12-25,1.11,2954314.99,446144.28,1256639.93,146507.02,1105023.76,789983.43,306951.98,8088.35,conventional,2016,GreatLakes,2016-12-25,3346,1.30
2016-12-25,1.06,319957.45,89825,59758.69,7121.96,163251.8,161040.94,2191.64,19.22,conventional,2016,Detroit,2016-12-25,3347,1.21
2016-12-25,1.45,186180,28999.77,97383.52,1529.57,58267.14,55674.38,2560.92,31.84,conventional,2016,HarrisburgScranton,2016-12-25,3470,1.39
2016-02-14,0.67,1191352.2,518192.1,334137.36,210029.3,128993.44,67726.6,55041.28,6225.56,conventional,2016,Houston,2016-02-14,3625,0.98
2016-12-25,1.49,238100.22,2977.57,178949.08,7914.45,48259.12,47076.21,865.63,317.28,conventional,2016,HartfordSpringfield,2016-12-25,3633,1.89
2016-12-25,1.13,135848.61,9560.82,59100.87,1962.89,65224.03,39632.2,25547.03,44.8,conventional,2016,Indianapolis,2016-12-25,3641,1.28
2016-01-31,1.04,151247.03,76816.44,21968.91,256.1,52205.58,21691.82,30513.76,0,conventional,2016,Jacksonville,2016-01-31,3769,1.42
2016-12-25,0.82,292038.68,107317.8,43301.69,7606.75,133812.44,54017.79,79794.65,0,conventional,2016,LasVegas,2016-12-25,3774,1.33
2016-12-25,0.84,2641775.31,794840.17,669585.49,65359.34,1111990.31,1032762.48,49937.35,29290.48,conventional,2016,LosAngeles,2016-12-25,3826,1.20
2016-12-25,1.01,81833.86,1337.84,35234.67,179.74,45081.61,16333.36,28748.25,0,conventional,2016,Louisville,2016-12-25,3910,1.12
2016-12-25,1.23,2180512.1,461611.36,873785.28,33980.02,811135.44,680183.89,126818.99,4132.56,conventional,2016,Midsouth,2016-12-25,3949,1.33
2016-11-27,1.38,148538.06,76603.69,17900.83,50,53983.54,40901.98,12685.45,396.11,conventional,2016,NewOrleansMobile,2016-11-27,3972,1.30
2016-12-25,0.97,648358.72,257456.07,148591.65,827.53,241483.47,87168.19,154236.11,79.17,conventional,2016,MiamiFtLauderdale,2016-12-25,4053,1.28
2016-12-25,0.93,166486.05,63236.61,18070.01,66.44,85112.99,67429.01,16683.98,1000,conventional,2016,Nashville,2016-12-25,4063,1.25
2016-12-25,1.36,1087984.9,11329.85,713042.43,84414.47,279198.15,241335.64,36654.59,1207.92,conventional,2016,NewYork,2016-12-25,4078,1.62
2016-11-13,1.67,2706838.44,126870.22,1797497.36,14009.38,768461.48,716107.95,52343.53,10,conventional,2016,Northeast,2016-11-13,4217,1.56
2016-11-06,1.47,236696.6,93321.05,53545.04,149.05,89681.46,34250.33,55431.13,0,conventional,2016,Orlando,2016-11-06,4239,1.41
2016-10-16,1.03,831120.57,273642.18,223809.9,13628.24,320040.25,147692.04,171739.88,608.33,conventional,2016,PhoenixTucson,2016-10-16,4271,1.26
2016-12-25,1.24,325634.21,12140.61,257987.85,2878.28,52627.47,52623.03,4.44,0,conventional,2016,NorthernNewEngland,2016-12-25,4326,1.51
2016-12-25,1.43,329493.55,11217.72,202764.73,18780.24,96730.86,91017.48,5380.08,333.3,conventional,2016,Philadelphia,2016-12-25,4364,1.54
2016-12-25,1.26,80688.76,21519.08,23868.08,961.58,34340.02,30455.29,3884.73,0,conventional,2016,Pittsburgh,2016-12-25,4399,1.32
2016-09-25,1.35,1419113.4,673110.96,360990.42,5573.18,379438.84,333274.27,39397.54,6767.03,conventional,2016,Plains,2016-09-25,4518,1.37
2016-08-28,1.29,281758.14,88767.63,100303.08,13156.44,79530.99,77895.51,434.09,1201.39,conventional,2016,RaleighGreensboro,2016-08-28,4558,1.51
2016-08-28,1.03,155029.38,48406.18,43349.65,108.8,63164.75,59304.96,1999.79,1860,conventional,2016,Roanoke,2016-08-28,4611,1.16
2016-12-25,0.94,525930.72,104032.21,135602.68,13342.22,272953.61,272606.5,44.46,302.65,conventional,2016,Portland,2016-12-25,4612,1.46
2016-12-25,1.2,176103.25,57197.5,58578.91,2184.2,58142.64,57397.06,745.58,0,conventional,2016,RichmondNorfolk,2016-12-25,4665,1.34
2016-12-25,1.07,428247.63,119611.9,263467.16,811.18,44357.39,39136.56,2868.61,2352.22,conventional,2016,Sacramento,2016-12-25,4717,1.54
2016-07-31,1.16,522678.71,156893.23,167605.98,18152.4,180027.1,156662.69,23324.41,40,conventional,2016,SanDiego,2016-07-31,4791,1.36
2016-12-25,1.18,690027.33,164595.96,462872.97,2525.58,60032.82,52277.99,7459.83,295,conventional,2016,SanFrancisco,2016-12-25,4822,1.58
2016-12-25,1.17,475143.56,64749.6,143841.64,205.26,266347.06,265938.42,156.02,252.62,conventional,2016,Seattle,2016-12-25,4874,1.23
2016-12-25,1.02,308342.51,121219.4,62511.84,2501.78,122109.49,72546.57,49562.92,0,conventional,2016,SouthCarolina,2016-12-25,4926,1.39
2016-06-26,0.89,6046264.46,3148031.62,995499.7,425639.83,1477093.31,1226901.91,190503.41,59687.99,conventional,2016,SouthCentral,2016-06-26,5033,1.08
2016-05-29,0.87,109604.3,29399.27,21853.06,3012.5,55339.47,55214.3,110.28,14.89,conventional,2016,Spokane,2016-05-29,5067,1.24
2016-12-25,0.94,3722102.33,1449893.5,760830.39,5643.49,1505734.95,736767.31,767155.7,1811.94,conventional,2016,Southeast,2016-12-25,5080,1.35
2016-12-25,1.02,132034.47,58510.89,9135.28,60.38,64327.92,47503.95,16823.97,0,conventional,2016,StLouis,2016-12-25,5103,1.24
2016-04-24,1.22,68819,1000.49,39959.75,586.42,27272.34,27268.73,3.61,0,conventional,2016,Syracuse,2016-04-24,5224,1.36
2016-12-25,0.93,445441.47,157380.83,104316.6,63.53,183680.51,87877.06,95803.45,0,conventional,2016,Tampa,2016-12-25,5258,1.32
2016-03-13,0.93,36374516.14,11661687.44,13104887.66,1800065.57,9807875.47,7231162.6,2521123.87,55589,conventional,2016,TotalUS,2016-03-13,5313,1.26
2016-12-25,0.92,5720079.58,1951252.95,1240717.89,114035,2414073.74,1681100.98,731388.25,1584.51,conventional,2016,West,2016-12-25,5336,1.28
2016-02-14,0.7,963046.73,621734.73,151510.22,30289.17,159512.61,89653.91,56745.36,13113.34,conventional,2016,WestTexNewMexico,2016-02-14,5433,1.17
2017-12-31,1.47,113514.42,2622.7,101135.53,20.25,9735.94,5556.98,4178.96,0,conventional,2017,Albany,2017-12-31,5447,1.63
2017-01-22,0.84,755472.09,320378,135920.57,179.13,298994.39,177899.15,121095.24,0,conventional,2017,Atlanta,2017-01-22,5566,1.22
2017-12-31,1.15,849487.62,66628.66,519460.2,4920.46,258478.3,245665.84,12812.46,0,conventional,2017,BaltimoreWashington,2017-12-31,5578,1.40
2017-12-31,1.13,79646.97,38196.44,1706.22,6263,33481.31,28764.84,4676.67,39.8,conventional,2017,Boise,2017-12-31,5764,1.27
2017-01-15,1.29,168230.55,2011.96,68322.14,53.84,97842.61,96319.5,1523.11,0,conventional,2017,BuffaloRochester,2017-01-15,5788,1.34
2017-12-31,0.93,7132711.23,2280934.17,3201737.11,111845.09,1538194.86,1461095.1,20553.6,56546.16,conventional,2017,California,2017-12-31,5797,1.30
2017-12-31,1.4,419696.59,9622.52,325398.02,2061.91,82614.14,65868.23,16745.91,0,conventional,2017,Boston,2017-12-31,5798,1.60
2017-01-08,1.28,219338.92,56739.54,80201.7,10231.86,72165.82,63539.28,8626.54,0,conventional,2017,Charlotte,2017-01-08,5800,1.51
2017-12-31,0.93,1182647.5,144034.24,845964.7,120869.17,71779.39,63314.15,8409.9,55.34,conventional,2017,Chicago,2017-12-31,5828,1.32
2017-01-08,0.82,285027.21,4147.01,126967.13,991.09,152921.98,33746.17,118612.86,562.95,conventional,2017,CincinnatiDayton,2017-01-08,5907,1.32
2017-12-31,0.8,221203.78,103506.03,30763.37,5224.82,81709.56,68828.14,12796.92,84.5,conventional,2017,Columbus,2017-12-31,5912,1.20
2017-12-31,0.9,1116393.2,481105.48,307423.18,4818.24,323046.3,161254.88,161616.45,174.97,conventional,2017,DallasFtWorth,2017-12-31,6162,1.12
2017-12-31,0.94,938481.85,127052.75,355322.2,8950.91,447155.99,62602.48,384553.51,0,conventional,2017,Denver,2017-12-31,6194,1.21
2017-12-10,1.61,107018.62,2211.54,52467.15,17501.9,34838.03,25029.12,5916.44,3892.47,conventional,2017,GrandRapids,2017-12-10,6212,1.46
2017-12-03,1.27,231977,39382,127730,91,64773,57036,7738,0,conventional,2017,HarrisburgScranton,2017-12-03,6275,1.39
2017-01-01,1.64,232663.88,2772.36,188107.91,2695.77,39087.84,38034.62,919.42,133.8,conventional,2017,HartfordSpringfield,2017-01-01,6355,1.89
2017-12-31,0.78,1391181.63,564063.25,209000.62,4194.25,613923.51,527743.84,86179.67,0,conventional,2017,Houston,2017-12-31,6359,0.98
2017-12-31,0.92,4398887.92,1092011.22,1740608.6,364049.45,1202218.65,927628.08,231172.74,43417.83,conventional,2017,GreatLakes,2017-12-31,6407,1.30
2017-12-31,0.84,467584.3,146333.69,91027.9,25276.56,204946.15,161600.45,41058.72,2286.98,conventional,2017,Detroit,2017-12-31,6409,1.21
2017-12-31,0.96,205202.95,67904.72,57394.76,13768.33,66135.14,59516.58,6575.66,42.9,conventional,2017,Indianapolis,2017-12-31,6581,1.28
2017-12-31,1.12,206562.78,115793.69,14230.19,277.37,76261.53,29166.63,46858.23,236.67,conventional,2017,Jacksonville,2017-12-31,6615,1.42
2017-12-24,1.1,2389829.32,1076720.74,350754.59,78272.26,884081.73,831557.36,15344.42,37179.95,conventional,2017,LosAngeles,2017-12-24,6647,1.20
2017-12-17,1.01,660737.83,449484.96,63179.34,5749.55,142323.98,69456.09,72867.89,0,conventional,2017,MiamiFtLauderdale,2017-12-17,6688,1.28
2017-12-31,1.04,291922.57,57663.71,111439.26,6018.29,116801.31,49190.85,67480.46,130,conventional,2017,LasVegas,2017-12-31,6802,1.33
2017-12-24,1.04,182002.85,96258.83,6816.8,201.49,78725.73,65116.32,12231.63,1377.78,conventional,2017,Nashville,2017-12-24,6821,1.25
2017-12-31,0.87,117941.49,26048.65,34289.02,270.75,57333.07,37617.67,19711.15,4.25,conventional,2017,Louisville,2017-12-31,6822,1.12
2017-12-31,0.96,3777193.46,937259.75,1398684.02,29457.57,1411792.12,1246593.68,163761.83,1436.61,conventional,2017,Midsouth,2017-12-31,6866,1.33
2017-12-17,1.26,394608.36,8588.72,304318.64,2955.36,78745.64,18037.88,60707.76,0,conventional,2017,NorthernNewEngland,2017-12-17,7015,1.51
2017-12-31,1.33,1201219.44,36680.16,816261.84,445.17,347832.27,269325.19,78507.08,0,conventional,2017,NewYork,2017-12-31,7017,1.62
2017-12-31,1.06,262281.64,164147.55,23239.77,1336.79,73557.53,61080.44,11333.76,1143.33,conventional,2017,NewOrleansMobile,2017-12-31,7073,1.30
2017-12-24,1.34,379421.96,17276.7,226538,472.94,135134.32,116972.59,18161.73,0,conventional,2017,Philadelphia,2017-12-24,7098,1.54
2017-12-31,1.16,461913.85,314324.12,38867.01,665.33,108057.39,56521.08,51536.31,0,conventional,2017,Orlando,2017-12-31,7200,1.41
2017-12-31,1.31,3652549.7,235982.42,2537022.88,7412.85,872131.55,658153.52,213974.56,3.47,conventional,2017,Northeast,2017-12-31,7260,1.56
2017-12-31,1.01,150867.12,76689.8,30458.87,2273.44,41445.01,28145.83,13299.18,0,conventional,2017,Pittsburgh,2017-12-31,7269,1.32
2017-12-31,0.75,986474.74,422070.44,283040.88,12415.52,268947.9,173098.72,93945.85,1903.33,conventional,2017,PhoenixTucson,2017-12-31,7326,1.26
2017-12-10,1.29,424741.73,110651.9,93996.37,15325.59,204767.87,147247.2,57068.55,452.12,conventional,2017,Portland,2017-12-10,7428,1.46
2017-12-17,1.13,199747.25,48414.09,67932.4,999.61,82401.15,77442.99,4954.83,3.33,conventional,2017,RichmondNorfolk,2017-12-17,7467,1.34
2017-12-17,1.2,404548.13,122866.5,225425.46,795.93,55460.24,49298.88,868.99,5292.37,conventional,2017,Sacramento,2017-12-17,7500,1.54
2017-12-31,1.02,2173591.74,1159470.84,493193.16,5719.66,515208.08,417190.3,97986.16,31.62,conventional,2017,Plains,2017-12-31,7546,1.37
2017-12-31,0.92,419590.58,90432.19,134861.05,5994.91,188302.43,178330.99,9970.33,1.11,conventional,2017,RaleighGreensboro,2017-12-31,7586,1.51
2017-12-31,0.81,194627.58,63533.54,44810.59,99.22,86184.23,64304.28,21865.75,14.2,conventional,2017,Roanoke,2017-12-31,7661,1.16
2017-12-31,0.98,619699.65,199514.36,268431.96,15509.5,136243.83,129566.1,4704.4,1973.33,conventional,2017,SanDiego,2017-12-31,7714,1.36
2017-12-03,1.28,798853,310481,387168,1966,99238,97333,108,1797,conventional,2017,SanFrancisco,2017-12-03,7769,1.58
2017-11-26,1.25,269322,125872,47631,2004,93815,72283,19651,1882,conventional,2017,SouthCarolina,2017-11-26,7842,1.39
2017-12-03,1.21,3452207,2032331,328178,21381,1070317,737179,318086,15051,conventional,2017,Southeast,2017-12-03,7846,1.35
2017-11-12,1.3,169251,89557,7643,136,71915,51019,20896,0,conventional,2017,StLouis,2017-11-12,7936,1.24
2017-12-31,1.1,559149.89,167408.78,182686.49,699.05,208355.57,161594.74,46404.85,355.98,conventional,2017,Seattle,2017-12-31,7961,1.23
2017-12-31,0.85,6150665.32,2819105.97,1288524.97,22204.28,2020830.1,1456270.21,563984.42,575.47,conventional,2017,SouthCentral,2017-12-31,8023,1.08
2017-12-31,0.94,98086.34,30325.05,36245.2,501.63,31014.46,24405.56,6544.94,63.96,conventional,2017,Spokane,2017-12-31,8072,1.24
2017-12-31,1.39,59077.02,2596.63,41694.13,23.2,14763.06,11544.79,3218.27,0,conventional,2017,Syracuse,2017-12-31,8099,1.36
2017-10-22,1.54,366454.43,235502.11,36022.98,487.62,94441.72,53966.71,40475.01,0,conventional,2017,Tampa,2017-10-22,8166,1.32
2017-09-24,1.59,3842682.36,1450858.85,1006684.68,42995.08,1342143.75,764285.55,575719.82,2138.38,conventional,2017,West,2017-09-24,8307,1.28
2017-12-31,0.98,38267341.61,13109617.49,13197460.59,644837.54,11315425.99,8092355.2,3098373.91,124696.88,conventional,2017,TotalUS,2017-12-31,8313,1.26
2018-03-04,1.08,594551.6,272245.24,37136.05,1763.52,283406.79,178019.66,103016.02,2371.11,conventional,2018,Atlanta,2018-03-04,8335,1.22
2018-03-11,1.05,212107.87,60498.56,22813.02,2942.75,125853.54,85932.68,39844.53,76.33,conventional,2018,Columbus,2018-03-11,8355,1.20
2018-03-25,1.23,986038.75,108250.52,591934.75,4205.03,281648.45,277508.08,2777.04,1363.33,conventional,2018,BaltimoreWashington,2018-03-25,8366,1.40
2018-03-25,1.28,85839.98,40361.51,2026.94,9200.23,34251.3,24809.18,9434.29,7.83,conventional,2018,Boise,2018-03-25,8400,1.27
2018-03-25,0.73,1803351.21,788734.28,219585.81,6423.31,788607.81,673212.32,94356.41,21039.08,conventional,2018,DallasFtWorth,2018-03-25,8411,1.12
2018-03-25,1.39,641462.43,26019.52,479186.12,1883.17,134373.62,109938.39,22955.23,1480,conventional,2018,Boston,2018-03-25,8452,1.60
2018-03-25,1.02,950483.37,176286.79,222958.27,16540.62,534697.69,121655.4,413042.29,0,conventional,2018,Denver,2018-03-25,8458,1.21
2017-12-31,0.89,727024.03,347248.16,158559.97,5628.28,215587.62,78402.09,137088.87,96.66,conventional,2017,WestTexNewMexico,2017-12-31,8462,1.17
2018-03-25,1.15,477637.43,82568.15,72460.6,62078.52,260530.16,211303.55,21812.97,27413.64,conventional,2018,Detroit,2018-03-25,8518,1.21
2018-03-25,1.21,163592.4,18266.89,82910.91,80.6,62334,20541.67,41090.1,702.23,conventional,2018,BuffaloRochester,2018-03-25,8520,1.34
2018-03-25,1.05,228837.36,53795.52,53103.06,7008.97,114929.81,96343.12,15834.92,2751.77,conventional,2018,Indianapolis,2018-03-25,8534,1.28
2018-03-25,1.04,6687009.44,1932162.02,2715163.6,92955.04,1946728.78,1827362.5,37434.21,81932.07,conventional,2018,California,2018-03-25,8546,1.30
2018-03-25,1.3,183489.03,97376.71,9226.39,569.02,76316.91,41255.77,34987.81,73.33,conventional,2018,Jacksonville,2018-03-25,8562,1.42
2018-03-25,1.32,258547.55,68088.95,87220.18,5567.45,97670.97,92743.21,4926.65,1.11,conventional,2018,Charlotte,2018-03-25,8575,1.51
2018-03-25,1.47,207028.28,2946.6,85213.8,63349.05,55518.83,29054.93,7662.55,18801.35,conventional,2018,GrandRapids,2018-03-25,8590,1.46
2018-03-25,1.01,382746.42,76054.73,122475.03,6496.13,177720.53,75499.86,101806.23,414.44,conventional,2018,LasVegas,2018-03-25,8609,1.33
2018-03-25,1.36,908202.13,142681.06,463136.28,174975.75,127409.04,103579.41,22467.04,1362.59,conventional,2018,Chicago,2018-03-25,8624,1.32
2018-03-25,1.18,4245947.2,860997.47,1144066.23,459002.28,1781881.22,1397088.59,282886.2,101906.43,conventional,2018,GreatLakes,2018-03-25,8634,1.30
2018-03-25,1.02,2843541.07,1007972.48,439940.61,63511.29,1332116.69,1248694.27,26861.69,56560.73,conventional,2018,LosAngeles,2018-03-25,8650,1.20
2018-03-25,1.08,277267.97,70493.35,27183.18,9616.52,169974.92,140702.4,20939.89,8332.63,conventional,2018,CincinnatiDayton,2018-03-25,8670,1.32
2018-03-25,1.04,126662.1,31512.47,24342.6,306.07,70500.96,49898.62,19277.55,1324.79,conventional,2018,Louisville,2018-03-25,8691,1.12
2018-03-25,1.57,149396.5,16361.69,109045.03,65.45,23924.33,19273.8,4270.53,380,conventional,2018,Albany,2018-03-25,8701,1.63
2018-03-25,1.21,330371.24,87782.44,137599.47,131.89,104857.44,95210.59,7089.08,2557.77,conventional,2018,HarrisburgScranton,2018-03-25,8706,1.39
2018-03-25,1.37,698961.15,474642.82,53923.97,2049.21,168345.15,106478.51,61776.64,90,conventional,2018,MiamiFtLauderdale,2018-03-25,8725,1.28
2018-01-14,1.15,290571.66,170097.6,22912.24,2542,95019.82,76659.09,17342.95,1017.78,conventional,2018,NewOrleansMobile,2018-01-14,8738,1.30
2018-03-25,1.34,1774776.77,63905.98,908653.71,843.45,801373.63,774634.09,23833.93,2905.61,conventional,2018,NewYork,2018-03-25,8746,1.62
2018-01-21,1.17,608159.45,76804.75,271528.75,18147.81,241678.14,150749.79,90544.14,384.21,conventional,2018,Portland,2018-01-21,8760,1.46
2018-03-25,1.14,3911075.35,967164.69,1347066.73,25014.31,1571829.62,1390840.94,164970.47,16018.21,conventional,2018,Midsouth,2018-03-25,8761,1.33
2018-03-25,1.24,362959.17,91484.37,120803.28,5307.11,145364.41,139121.67,6242.74,0,conventional,2018,RaleighGreensboro,2018-03-25,8767,1.51
2018-03-25,1.35,5134637.05,443927.42,2940789.85,6733.38,1743186.4,1495884.84,232372.83,14928.73,conventional,2018,Northeast,2018-03-25,8785,1.56
2018-03-25,0.95,306280.52,125788.54,10713.8,334.61,169443.57,136737.44,30406.07,2300.06,conventional,2018,Nashville,2018-03-25,8788,1.25
2018-03-25,1.44,345963.16,17715.06,243023.15,242.2,84982.75,82409.99,1066.1,1506.66,conventional,2018,HartfordSpringfield,2018-03-25,8789,1.89
2018-03-25,1.46,483124.53,43595.07,365913.24,1529.8,72086.42,34546.13,36509.18,1031.11,conventional,2018,NorthernNewEngland,2018-03-25,8808,1.51
2018-03-25,0.56,2120511.03,837700.97,162473.38,4190.48,1116146.2,952254.7,161188.17,2703.33,conventional,2018,Houston,2018-03-25,8831,0.98
2018-03-25,1.32,429132.5,258217.83,25970.97,1426.07,143517.63,90870.28,52357.35,290,conventional,2018,Orlando,2018-03-25,8845,1.41
2018-03-25,1.1,316217.11,77628.91,88215.28,1928.8,148444.12,135644.21,11246.17,1553.74,conventional,2018,RichmondNorfolk,2018-03-25,8846,1.34
2018-03-25,0.99,218058,62126.61,39027.74,219.42,116684.23,97377.29,18342.66,964.28,conventional,2018,Roanoke,2018-03-25,8880,1.16
2018-03-25,1.31,503277.65,43421.1,252219.75,248.04,207388.76,187566.62,17687.7,2134.44,conventional,2018,Philadelphia,2018-03-25,8894,1.54
2018-02-04,0.65,10323174.59,4772921.95,1623613.82,38521.35,3888117.47,3351508.25,508738.57,27870.65,conventional,2018,SouthCentral,2018-02-04,8895,1.08
2015-11-01,1.88,1021.68,11.47,137.58,0,872.63,872.63,0,0,organic,2015,Albany,2015-11-01,8904,1.63
2018-03-25,1.23,4454904.4,2489234.81,333310.56,18460.82,1613898.21,1117431.16,484934.57,11532.48,conventional,2018,Southeast,2018-03-25,8918,1.35
2018-03-25,1.13,570446.95,135652.39,361227.57,812.1,72754.89,67652.14,624.2,4478.55,conventional,2018,Sacramento,2018-03-25,8921,1.54
2018-03-25,1.1,488321.93,140383.72,156203,13940.11,177795.1,168263.27,7442.94,2088.89,conventional,2018,SanDiego,2018-03-25,8957,1.36
2018-03-25,0.59,1684537.69,932956.86,296968.67,14886.96,439725.2,216076.58,218329.73,5318.89,conventional,2018,PhoenixTucson,2018-03-25,8958,1.26
2018-03-25,1.15,99982.71,23281.1,29539.62,544.24,46617.75,22506.27,23986.48,125,conventional,2018,Spokane,2018-03-25,8986,1.24
2018-03-25,1.01,1203274.11,198289.36,895797.12,2202.74,106984.89,103033.73,186.2,3764.96,conventional,2018,SanFrancisco,2018-03-25,8998,1.58
2018-03-25,1.28,132097.87,44126.21,13225.39,1385.77,73360.5,39142.16,34191.67,26.67,conventional,2018,Pittsburgh,2018-03-25,9003,1.32
2018-03-25,1.25,165209.29,80921.04,7515.78,518.71,76253.76,65742.81,10499.14,11.81,conventional,2018,StLouis,2018-03-25,9018,1.24
2018-03-25,1.08,2298609.62,870297.25,765738.57,8214.57,654359.23,603569.13,50091.31,698.79,conventional,2018,Plains,2018-03-25,9047,1.37
2018-03-25,1.4,524265.69,103573.88,149867.07,998.53,269826.21,155866.8,113666.7,292.71,conventional,2018,Seattle,2018-03-25,9056,1.23
2015-12-27,1.84,3195,1366.31,1652.5,0,176.19,103.33,72.86,0,organic,2015,Atlanta,2015-12-27,9059,1.22
2018-03-25,1.38,93961.48,10004.38,57087.01,102.7,26767.39,11836.12,14931.27,0,conventional,2018,Syracuse,2018-03-25,9075,1.36
2018-03-25,1.19,450658.34,205952.19,73267.19,4313.11,167125.85,132488.4,31527.74,3109.71,conventional,2018,SouthCarolina,2018-03-25,9120,1.39
2015-09-06,1.58,14379.6,2634.99,5041.08,717.8,5985.73,5977.42,8.31,0,organic,2015,BaltimoreWashington,2015-09-06,9123,1.40
2018-03-25,1.33,469300.74,289527.11,33226.48,1342.31,145204.84,87355.05,57643.12,206.67,conventional,2018,Tampa,2018-03-25,9126,1.32
2018-03-25,1.03,43409835.75,14130799.1,12125711.42,758801.12,16394524.11,12540327.19,3544729.39,309467.53,conventional,2018,TotalUS,2018-03-25,9180,1.26
2015-07-19,2.05,3388.25,18.63,2152.1,0,1217.52,1217.52,0,0,organic,2015,Boston,2015-07-19,9187,1.60
2018-03-25,0.93,7667064.46,2567279.74,1912986.38,118289.91,3068508.43,1309580.19,1745630.06,13298.18,conventional,2018,West,2018-03-25,9212,1.28
2018-03-25,0.84,965185.06,438526.12,199585.9,11017.42,316055.62,153009.89,160999.1,2046.63,conventional,2018,WestTexNewMexico,2018-03-25,9245,1.17
2015-12-27,0.91,2272.26,15.53,508.49,0,1748.24,1008.2,740.04,0,organic,2015,Boise,2015-12-27,9258,1.27
2015-06-07,1.67,114406.15,49301.79,52704.34,6.16,12393.86,12393.86,0,0,organic,2015,California,2015-06-07,9291,1.30
2015-12-27,1.9,2948.39,389.52,1416.49,682.38,460,460,0,0,organic,2015,Charlotte,2015-12-27,9381,1.51
2015-04-12,1.3,88346.47,722.16,86707.64,0,916.67,916.67,0,0,organic,2015,Chicago,2015-04-12,9392,1.32
2015-03-01,1.86,4054.67,397.22,2681.49,0,975.96,664.76,311.2,0,organic,2015,Columbus,2015-03-01,9438,1.20
2015-12-27,1.43,7088.36,249.94,5919.28,0,919.14,266.67,652.47,0,organic,2015,CincinnatiDayton,2015-12-27,9445,1.32
2015-12-27,1.33,10860.07,5921.12,421.38,0,4517.57,3584.44,933.13,0,organic,2015,DallasFtWorth,2015-12-27,9461,1.12
2015-12-27,1.43,23728.62,9299.54,2853.98,12.14,11562.96,330.31,11232.65,0,organic,2015,Denver,2015-12-27,9574,1.21
2015-12-27,1.61,6834.42,1276.73,3370.14,0,2187.55,366.67,1820.88,0,organic,2015,Detroit,2015-12-27,9696,1.21
2015-11-08,1.54,77222.36,7904.17,54952.16,127.35,14238.68,7297.5,6941.18,0,organic,2015,GreatLakes,2015-11-08,9698,1.30
2015-10-18,2.18,2420.25,32.76,1785.15,0,602.34,398.75,203.59,0,organic,2015,HartfordSpringfield,2015-10-18,9774,1.89
2015-12-27,1.67,2010.73,822.95,941.11,0,246.67,246.67,0,0,organic,2015,GrandRapids,2015-12-27,9819,1.46
2015-12-27,1.45,5828.38,79.19,186.22,16.23,5546.74,959.63,4587.11,0,organic,2015,HarrisburgScranton,2015-12-27,9853,1.39
2015-09-13,1.64,2512.58,311.33,1618.91,0,582.34,326.67,255.67,0,organic,2015,Indianapolis,2015-09-13,9939,1.28
2015-12-27,1.47,5043.15,0,166.37,0,4876.78,2751.87,2124.91,0,organic,2015,BuffaloRochester,2015-12-27,9968,1.34
2015-12-27,1.31,10598.3,4797.41,57.91,0,5742.98,4815.51,927.47,0,organic,2015,Houston,2015-12-27,10002,0.98
2015-08-02,1.8,9065.72,4950.22,3751.82,0,363.68,296.67,67.01,0,organic,2015,LasVegas,2015-08-02,10104,1.33
2015-12-27,1.82,1754.98,1154.87,45.01,28.43,526.67,526.67,0,0,organic,2015,Jacksonville,2015-12-27,10185,1.42
2015-06-07,1.24,2299.74,14.16,972.02,0,1313.56,437.41,876.15,0,organic,2015,Louisville,2015-06-07,10193,1.12
2015-12-27,1.21,52474.67,8914.66,15290.56,0,28269.45,25485.27,2784.18,0,organic,2015,LosAngeles,2015-12-27,10200,1.20
2015-12-27,1.57,1155.71,120.88,18.16,0,1016.67,1016.67,0,0,organic,2015,MiamiFtLauderdale,2015-12-27,10278,1.28
2015-05-03,1.34,102916.4,9430.59,47953.23,7065.04,38467.54,23337.15,15130.39,0,organic,2015,Midsouth,2015-05-03,10283,1.33
2015-12-27,1.62,3895.76,501.13,2284.69,0,1109.94,840,269.94,0,organic,2015,Nashville,2015-12-27,10366,1.25
2015-03-22,1.56,2568.19,428.01,30.18,0,2110,2110,0,0,organic,2015,NewOrleansMobile,2015-03-22,10409,1.30
2015-01-25,1.92,40358.44,2519.17,17147.02,73.05,20619.2,20455.66,163.54,0,organic,2015,Northeast,2015-01-25,10462,1.56
2015-12-27,1.9,21565.58,1752.06,6546.95,1319.02,11947.55,5757.79,6189.76,0,organic,2015,NewYork,2015-12-27,10472,1.62
2015-12-27,1.65,8119.93,10.91,155.21,0,7953.81,7953.81,0,0,organic,2015,NorthernNewEngland,2015-12-27,10478,1.51
2015-12-20,1.83,6900.94,719.56,2853.84,522,2805.54,1195.09,1610.45,0,organic,2015,Philadelphia,2015-12-20,10676,1.54
2015-12-27,1.67,3110.45,1617.61,49.42,0,1443.42,1119.57,323.85,0,organic,2015,Orlando,2015-12-27,10682,1.41
2015-11-15,1.43,1387.96,466.03,33.94,0,887.99,360.84,527.15,0,organic,2015,Pittsburgh,2015-11-15,10725,1.32
2015-12-27,1.72,7422.47,5038.15,906.49,0,1477.83,1324.33,153.5,0,organic,2015,PhoenixTucson,2015-12-27,10830,1.26
2015-09-13,2.07,17959.18,3092.78,10615.36,0,4251.04,7.34,4243.7,0,organic,2015,Portland,2015-09-13,10878,1.46
2015-12-27,1.6,32041.32,3224.07,13453.09,1672.35,13691.81,5921.08,7770.73,0,organic,2015,Plains,2015-12-27,10890,1.37
2015-08-16,1.68,5611.72,128.18,3804.14,436.52,1242.88,553.33,689.55,0,organic,2015,RichmondNorfolk,2015-08-16,10961,1.34
2015-12-27,1.74,3905.44,256.26,1936.8,437.05,1275.33,1116.34,158.99,0,organic,2015,RaleighGreensboro,2015-12-27,11031,1.51
2015-06-28,1.84,9219.97,4916.07,4050.11,0,253.79,253.79,0,0,organic,2015,Sacramento,2015-06-28,11069,1.54
2015-12-27,1.41,4367.47,33.27,2525.8,0,1808.4,690,1118.4,0,organic,2015,Roanoke,2015-12-27,11076,1.16
2015-05-10,1.48,33676.05,23021.28,10608.04,0,46.73,46.73,0,0,organic,2015,SanFrancisco,2015-05-10,11161,1.58
2015-12-27,1.51,21378.66,610.22,13103.85,4.01,7660.58,80.12,7580.46,0,organic,2015,Seattle,2015-12-27,11216,1.23
2015-12-27,1.62,8704.72,1834.72,5181.54,0,1688.46,472.88,1215.58,0,organic,2015,SanDiego,2015-12-27,11225,1.36
2015-03-22,1.77,4156.05,610.35,1876.4,528.23,1141.07,1041.5,99.57,0,organic,2015,SouthCarolina,2015-03-22,11338,1.39
2015-02-08,1.51,50546.78,10197.75,16658.11,792.54,22898.38,20283.33,2615.05,0,organic,2015,Southeast,2015-02-08,11353,1.35
2015-12-27,1.59,1723.36,41.54,1206.17,0,475.65,12.85,462.8,0,organic,2015,Spokane,2015-12-27,11368,1.24
2015-12-27,1.39,56297.88,21950.8,3750.99,0,30596.09,26668.65,3927.44,0,organic,2015,SouthCentral,2015-12-27,11374,1.08
2015-12-06,1.56,1803,0,54.03,0,1748.97,1738.06,10.91,0,organic,2015,Syracuse,2015-12-06,11570,1.36
2015-09-27,1.75,501814.87,114590.38,238175.26,4546.66,144502.57,81095.01,63407.56,0,organic,2015,TotalUS,2015-09-27,11583,1.26
2015-12-27,1.07,7851.73,1347.91,935.8,12.36,5555.66,214.52,5341.14,0,organic,2015,StLouis,2015-12-27,11588,1.24
2015-12-27,1.46,142710.36,29880.32,48416.71,38.63,64374.7,17464.54,46910.16,0,organic,2015,West,2015-12-27,11710,1.28
2015-12-27,1.63,2161.84,874.75,17.54,0,1269.55,1216.67,52.88,0,organic,2015,Tampa,2015-12-27,11782,1.32
2015-07-19,1.74,6864.82,2502.95,3493.83,0,868.04,266.67,601.37,0,organic,2015,WestTexNewMexico,2015-07-19,11808,1.17
2016-05-22,1.27,11405.47,2303.59,3734.43,0,5367.45,1262.52,4104.93,0,organic,2016,Atlanta,2016-05-22,11812,1.22
2016-12-25,1.83,17061.38,802.28,5202.23,232.29,10824.58,10821.11,3.47,0,organic,2016,BaltimoreWashington,2016-12-25,11894,1.40
2016-04-17,1.56,1228.73,11.78,670.27,0,546.68,306.67,240.01,0,organic,2016,Boise,2016-04-17,11931,1.27
2016-02-28,1.56,6934.94,0,223.9,0,6711.04,699.31,6011.73,0,organic,2016,BuffaloRochester,2016-02-28,11953,1.34
2016-12-25,1.98,11553.3,11.89,938.02,0,10603.39,10593.78,9.61,0,organic,2016,Boston,2016-12-25,11978,1.60
2016-12-25,1.53,132890.31,22779.87,56237.83,10.76,53861.85,43478.17,10383.68,0,organic,2016,California,2016-12-25,11979,1.30
2016-12-25,1.93,1714.92,77.5,250.13,0,1387.29,1387.29,0,0,organic,2016,Albany,2016-12-25,12047,1.63
2016-12-25,1.62,6780.63,74.49,2520.97,399.49,3785.68,3479.65,306.03,0,organic,2016,Charlotte,2016-12-25,12191,1.51
2016-12-25,1.34,33412.35,52.77,30236.66,0,3122.92,3122.92,0,0,organic,2016,Chicago,2016-12-25,12269,1.32
2016-11-27,1.47,5503.68,494.4,1889.17,0,3120.11,2049.89,1070.22,0,organic,2016,Columbus,2016-11-27,12281,1.20
2016-10-09,1.49,19651.23,11578.91,2259.1,12.78,5800.44,4160.72,1639.72,0,organic,2016,Denver,2016-10-09,12412,1.21
2016-08-07,2.03,1794.39,1069.54,187.76,0,537.09,500,37.09,0,organic,2016,GrandRapids,2016-08-07,12443,1.46
2016-12-25,1.12,20099.08,4747.3,428.15,0,14923.63,14829.22,94.41,0,organic,2016,DallasFtWorth,2016-12-25,12445,1.12
2016-12-25,1.73,6592.44,235.03,5062.95,0,1294.46,504.22,790.24,0,organic,2016,CincinnatiDayton,2016-12-25,12514,1.32
2016-12-25,1.46,9541.46,1008.05,7376.5,0,1156.91,634.1,522.81,0,organic,2016,Detroit,2016-12-25,12548,1.21
2016-12-25,1.48,95184.06,3993.87,63263,0,27927.19,22279.91,5647.28,0,organic,2016,GreatLakes,2016-12-25,12596,1.30
2016-07-03,1.81,7342.95,290.67,289.24,308.49,6454.55,5908.2,546.35,0,organic,2016,HarrisburgScranton,2016-07-03,12699,1.39
2016-06-12,1.05,19398.78,8780.1,51.55,0,10567.13,9910.16,656.97,0,organic,2016,Houston,2016-06-12,12758,0.98
2016-05-01,1.65,3584.65,2476.8,224.15,13.7,870,870,0,0,organic,2016,Jacksonville,2016-05-01,12776,1.42
2016-12-25,2.41,8403.07,64.48,3552.13,13.72,4772.74,4456.42,316.32,0,organic,2016,HartfordSpringfield,2016-12-25,12782,1.89
2016-12-25,1.35,9519.43,1090.88,2506.87,0,5921.68,5810.1,111.58,0,organic,2016,LasVegas,2016-12-25,12829,1.33
2016-12-25,1.62,2583.94,114.51,1052.73,0,1416.7,1027.03,389.67,0,organic,2016,Indianapolis,2016-12-25,12842,1.28
2016-12-25,1.17,81458.1,11324.9,25698.37,0,44434.83,37064.95,7369.88,0,organic,2016,LosAngeles,2016-12-25,12968,1.20
2016-12-25,1.53,1619.79,16.42,910.47,0,692.9,406.67,286.23,0,organic,2016,Louisville,2016-12-25,13027,1.12
2016-01-31,1.54,1844.79,804.36,0,0,1040.43,1040.43,0,0,organic,2016,MiamiFtLauderdale,2016-01-31,13085,1.28
2016-12-25,1.68,72923.61,2716.25,30275.52,1628.46,38303.38,35684.99,2618.39,0,organic,2016,Midsouth,2016-12-25,13099,1.33
2016-12-04,1.55,2945.91,102.91,5.82,0,2837.18,2061.25,775.93,0,organic,2016,NewOrleansMobile,2016-12-04,13152,1.30
2016-12-25,1.5,3223.64,173.43,2567.94,0,482.27,31.11,451.16,0,organic,2016,Nashville,2016-12-25,13228,1.25
2016-12-25,2.17,37438.54,5592.11,15901.97,772.3,15172.16,14698.51,473.65,0,organic,2016,NewYork,2016-12-25,13286,1.62
2016-10-23,1.7,57081.84,3797.54,9176.22,43.5,44064.58,43496.72,567.86,0,organic,2016,Northeast,2016-10-23,13378,1.56
2016-09-18,1.4,7833.25,1163.62,72.32,0,6597.31,2156.67,4440.64,0,organic,2016,Orlando,2016-09-18,13386,1.41
2016-07-31,2.19,10363.16,4126.75,3944.27,0,2292.14,472.12,1820.02,0,organic,2016,PhoenixTucson,2016-07-31,13471,1.26
2016-12-25,1.9,11376.97,981.62,3177.51,14.99,7202.85,7053.99,148.86,0,organic,2016,Philadelphia,2016-12-25,13489,1.54
2016-12-25,1.9,10968.74,9.92,301.24,0,10657.58,10657.58,0,0,organic,2016,NorthernNewEngland,2016-12-25,13513,1.51
2016-12-25,1.48,7784,708.23,3.45,0,7072.32,6823.42,248.9,0,organic,2016,Pittsburgh,2016-12-25,13566,1.32
2016-06-12,1.63,51075.07,5529.79,22175.76,2574.67,20794.85,16998.34,3796.51,0,organic,2016,Plains,2016-06-12,13704,1.37
2016-04-24,1.61,5854.3,157.49,3368.46,437.29,1891.06,1791.35,99.71,0,organic,2016,RaleighGreensboro,2016-04-24,13710,1.51
2016-12-25,0.68,72161.05,2888.38,7043.82,9.89,62218.96,638.89,61580.07,0,organic,2016,Portland,2016-12-25,13758,1.46
2016-12-25,1.66,5233.93,501.16,2272.02,151.72,2309.03,2309.03,0,0,organic,2016,RichmondNorfolk,2016-12-25,13760,1.34
2016-03-20,0.94,9084.56,233.87,2971.4,0,5879.29,1031.73,4847.56,0,organic,2016,Roanoke,2016-03-20,13812,1.16
2016-12-25,2.41,4567.83,1449.65,2867.8,2.68,247.7,247.7,0,0,organic,2016,Sacramento,2016-12-25,13833,1.54
2016-01-24,1.31,15316.04,1368.36,8300.29,0,5647.39,756.65,4890.74,0,organic,2016,SanDiego,2016-01-24,13913,1.36
2016-12-25,2.56,16169.17,5599.25,8335.16,0,2234.76,2234.76,0,0,organic,2016,SanFrancisco,2016-12-25,13935,1.58
2016-12-25,0.81,80324.51,353.45,15255.56,2.62,64712.88,548.41,64164.47,0,organic,2016,Seattle,2016-12-25,14054,1.23
2016-12-04,1.69,7030.03,219.6,2204.44,147.21,4458.78,2942.11,1516.67,0,organic,2016,SouthCarolina,2016-12-04,14136,1.39
2016-10-30,1.75,44666,5090.29,15508.61,572.47,23494.63,5220.39,18274.24,0,organic,2016,Southeast,2016-10-30,14189,1.35
2016-08-28,1.04,10875.76,2752.04,1084.38,23.57,7015.77,550.24,6465.53,0,organic,2016,StLouis,2016-08-28,14195,1.24
2016-12-25,1.21,94378.68,28632.23,4227.39,0,61519.06,59525.98,1993.08,0,organic,2016,SouthCentral,2016-12-25,14264,1.08
2016-12-25,1.69,1016.97,113.18,147.13,0,756.66,756.66,0,0,organic,2016,Syracuse,2016-12-25,14287,1.36
2016-12-25,0.89,5333.76,24.44,1081.6,0,4227.72,23.76,4203.96,0,organic,2016,Spokane,2016-12-25,14360,1.24
2016-06-19,1.36,6441.8,1760,128.46,0,4553.34,4526.67,26.67,0,organic,2016,Tampa,2016-06-19,14435,1.32
2016-04-03,1.27,226558.02,35134.68,77837.8,115.48,113470.06,44860.97,68609.09,0,organic,2016,West,2016-04-03,14507,1.28
2016-12-25,1.31,17382.2,1381.72,3099.16,20.05,12881.27,12843.07,38.2,0,organic,2016,WestTexNewMexico,2016-12-25,14521,1.17
2017-02-19,1.67,2523.56,1049.5,141.41,0,1332.65,1332.65,0,0,organic,2017,Albany,2017-02-19,14573,1.63
2017-12-31,1.28,17217.91,331.16,3474.3,0,13412.45,11486.03,1926.42,0,organic,2017,Atlanta,2017-12-31,14589,1.22
2017-12-31,1.53,40942.37,1177.45,7959.34,122.36,31683.22,31680.42,2.8,0,organic,2017,BaltimoreWashington,2017-12-31,14712,1.40
2017-12-31,1.72,2017.17,78.28,646.17,0,1292.72,213.18,1079.54,0,organic,2017,Boise,2017-12-31,14762,1.27
2017-12-31,1.86,25275.08,9.19,2796.62,0,22469.27,20109.15,2360.12,0,organic,2017,Boston,2017-12-31,14815,1.60
2017-12-31,1.15,10568.46,176.5,82.85,0,10309.11,5004.55,5304.56,0,organic,2017,BuffaloRochester,2017-12-31,14868,1.34
2017-12-31,1.71,160039.02,46373.36,55040.01,0,58625.65,58526.97,98.68,0,organic,2017,California,2017-12-31,14921,1.30
2017-12-31,1.71,11939.07,34.71,5197.49,198.71,6508.16,6416.36,91.8,0,organic,2017,Charlotte,2017-12-31,14974,1.51
2017-12-31,1.79,26040.03,142,16241,0,9657.03,9650.37,6.66,0,organic,2017,Chicago,2017-12-31,15027,1.32
2016-12-25,1.34,914035.42,93875.25,250138.66,3415.27,566606.24,330909.02,235697.22,0,organic,2016,TotalUS,2016-12-25,15047,1.26
2017-10-08,1.94,8459.92,246.84,4265.5,0,3947.58,3897.2,50.38,0,organic,2017,CincinnatiDayton,2017-10-08,15105,1.32
2017-09-10,1.81,24831.19,8554.15,657.97,0,15619.07,15605.74,13.33,0,organic,2017,DallasFtWorth,2017-09-10,15111,1.12
2017-12-31,1.14,15852.37,446.28,1042.43,0,14363.66,13142.03,1221.63,0,organic,2017,Columbus,2017-12-31,15162,1.20
2017-12-31,1.48,17906.71,4400.94,482.72,12.67,13010.38,12128.68,881.7,0,organic,2017,Denver,2017-12-31,15196,1.21
2017-12-31,1.05,32775.71,398.15,2116.14,0,30261.42,27997.42,2264,0,organic,2017,Detroit,2017-12-31,15305,1.21
2017-12-31,1.28,6792.67,9.88,770.79,0,6012,5991.42,20.58,0,organic,2017,GrandRapids,2017-12-31,15356,1.46
2017-06-25,1.59,130430.6,2504.36,60395.45,3.23,67527.56,10039.5,57488.06,0,organic,2017,GreatLakes,2017-06-25,15368,1.30
2017-12-31,1.45,18857.67,138.52,209.27,0,18509.88,18504.9,4.98,0,organic,2017,HarrisburgScranton,2017-12-31,15418,1.39
2017-06-25,2.61,12883.38,64.48,5815.43,16.46,6987.01,6987.01,0,0,organic,2017,HartfordSpringfield,2017-06-25,15505,1.89
2017-12-31,1.36,25590.34,9524.47,114.02,0,15951.85,15635.18,316.67,0,organic,2017,Houston,2017-12-31,15551,0.98
2017-05-28,1.52,5391.5,153.14,1467.48,0,3770.88,1800.43,1970.45,0,organic,2017,Indianapolis,2017-05-28,15593,1.28
2017-12-31,1.65,2023.95,44.23,496.69,5.06,1477.97,1431.11,46.86,0,organic,2017,Jacksonville,2017-12-31,15625,1.42
2017-04-30,1.98,7545.18,1049.39,4429.33,2.58,2063.88,437.22,1626.66,0,organic,2017,LasVegas,2017-04-30,15727,1.33
2017-12-31,1.74,78872.75,15369.81,20722.83,0,42780.11,42693.41,86.7,0,organic,2017,LosAngeles,2017-12-31,15782,1.20
2017-03-26,0.74,6459.97,15,1354.56,0,5090.41,385.56,4704.85,0,organic,2017,Louisville,2017-03-26,15822,1.12
2017-12-31,1.48,6518.64,24.84,333.44,0,6160.36,6147.77,12.59,0,organic,2017,MiamiFtLauderdale,2017-12-31,15864,1.28
2017-12-31,1.6,152399.77,2528.46,37771.11,861.76,111238.44,102542.42,8696.02,0,organic,2017,Midsouth,2017-12-31,15998,1.33
2017-12-31,1.52,7098.52,51.97,1535.55,0,5511,3056.04,2454.96,0,organic,2017,Nashville,2017-12-31,16031,1.25
2017-02-05,1.35,3381.82,326.31,6.26,0,3049.25,1874.51,1174.74,0,organic,2017,NewOrleansMobile,2017-02-05,16070,1.30
2017-12-31,1.83,69777.3,6476.19,16996.47,134.7,46169.94,46167.94,2,0,organic,2017,NewYork,2017-12-31,16083,1.62
2017-12-31,1.76,20129.5,0,200.68,0,19928.82,19925.49,3.33,0,organic,2017,NorthernNewEngland,2017-12-31,16095,1.51
2017-12-31,1.66,229313.64,11281.04,33549.86,122.83,184359.91,170878.67,13481.24,0,organic,2017,Northeast,2017-12-31,16229,1.56
2017-12-31,1.82,6063.44,164.98,1018.93,0,4879.53,4136.67,742.86,0,organic,2017,Orlando,2017-12-31,16293,1.41
2017-12-10,1.5,28947.42,3846.15,4443.9,2.31,20655.06,20578.56,76.5,0,organic,2017,Philadelphia,2017-12-10,16378,1.54
2017-11-19,1.44,10579.74,1176.5,31.85,0,9371.39,9371.39,0,0,organic,2017,Pittsburgh,2017-11-19,16447,1.32
2017-10-01,2.86,16126.21,188.42,2362.6,1.64,13573.55,1314.56,12249.89,9.1,organic,2017,Portland,2017-10-01,16469,1.46
2017-12-31,1.71,14463.88,3000.73,2311.39,0,9151.76,9148.43,3.33,0,organic,2017,PhoenixTucson,2017-12-31,16503,1.26
2017-12-31,1.63,62228.22,3018.47,15029.08,38.91,44141.76,32311.88,11829.88,0,organic,2017,Plains,2017-12-31,16566,1.37
2017-12-31,2.06,13531.12,89.4,5189.69,203.49,8048.54,7934.12,114.42,0,organic,2017,RaleighGreensboro,2017-12-31,16624,1.51
2017-09-17,1.59,14824.51,336.19,2732.34,44.13,11711.85,10680.64,1031.21,0,organic,2017,RichmondNorfolk,2017-09-17,16681,1.34
2017-08-13,2.09,8707,2079.18,3059.01,0,3568.81,3565.48,3.33,0,organic,2017,Sacramento,2017-08-13,16749,1.54
2017-12-31,1.5,5756.97,147.66,1513.56,0,4095.75,3747.09,348.66,0,organic,2017,Roanoke,2017-12-31,16791,1.16
2017-07-09,2.45,8311.12,2009.13,3654.42,2.92,2644.65,2622.33,22.32,0,organic,2017,SanFrancisco,2017-07-09,16832,1.58
2017-12-31,2,14150.95,2721.78,7973.65,0,3455.52,3455.52,0,0,organic,2017,SanDiego,2017-12-31,16847,1.36
2017-12-31,1.24,82749.14,1450.69,29692,23.44,51583.01,1469.39,50019.56,94.06,organic,2017,Seattle,2017-12-31,16942,1.23
2017-06-04,1.89,9543.8,761.59,4252.82,128.16,4401.23,2476.04,1925.19,0,organic,2017,SouthCarolina,2017-06-04,17003,1.39
2017-12-31,1.41,115959.77,25221.46,3103.46,0,87634.85,82290.07,5344.78,0,organic,2017,SouthCentral,2017-12-31,17069,1.08
2017-05-07,1.58,69763.54,6765.64,19700.9,180.72,43116.28,12489.88,30626.4,0,organic,2017,Southeast,2017-05-07,17106,1.35
2017-12-31,1.82,2468.87,251.57,692.89,0,1524.41,426.67,1097.74,0,organic,2017,Spokane,2017-12-31,17157,1.24
2017-03-19,1.19,10420.76,1187.88,489,0,8743.88,1218.56,7525.32,0,organic,2017,StLouis,2017-03-19,17158,1.24
2017-12-31,1.2,4873.1,51.97,54.57,0,4766.56,3051.42,1715.14,0,organic,2017,Syracuse,2017-12-31,17182,1.36
2017-01-22,1.2,6939.71,252.11,33.77,0,6653.83,4266.66,2387.17,0,organic,2017,Tampa,2017-01-22,17327,1.32
2017-12-31,1.52,1243940.09,120545.76,248123.56,1279.48,873874.64,723304.51,150460.36,109.77,organic,2017,TotalUS,2017-12-31,17338,1.26
2017-12-03,1.55,13729.33,1768.49,2732.92,0,9227.92,9002.58,225.34,0,organic,2017,WestTexNewMexico,2017-12-03,17417,1.17
2017-12-31,1.48,229477.07,26883.07,53165.3,86.61,149342.09,66254.72,82977.6,109.77,organic,2017,West,2017-12-31,17490,1.28
2018-03-11,1.24,12744.6,763.9,91.2,0,11889.5,1124.44,10765.06,0,organic,2018,BuffaloRochester,2018-03-11,17532,1.34
2018-03-25,1.71,2321.82,42.95,272.41,0,2006.46,1996.46,10,0,organic,2018,Albany,2018-03-25,17551,1.63
2018-03-25,1.7,190257.38,29644.09,70982.1,0,89631.19,89424.11,207.08,0,organic,2018,California,2018-03-25,17568,1.30
2018-03-25,1.56,18717.08,469.23,3942.82,0,14305.03,9398.45,4906.58,0,organic,2018,Atlanta,2018-03-25,17585,1.22
2018-03-25,1.77,12030.96,17.85,5964.29,161.23,5887.59,5792.37,95.22,0,organic,2018,Charlotte,2018-03-25,17612,1.51
2018-03-25,1.33,57606.42,2002.4,5548.18,82.68,49973.16,49957.61,15.55,0,organic,2018,BaltimoreWashington,2018-03-25,17614,1.40
2018-03-25,1.69,35088.36,324.87,27550.29,0,7213.2,7176.54,36.66,0,organic,2018,Chicago,2018-03-25,17644,1.32
2018-03-25,1.81,3119.2,76.12,1006.43,0,2036.65,618.64,1418.01,0,organic,2018,Boise,2018-03-25,17652,1.27
2018-02-18,1.29,7658.93,5.81,858.31,0,6794.81,6794.81,0,0,organic,2018,GrandRapids,2018-02-18,17661,1.46
2018-03-25,1.74,38441.23,27.25,2031.54,0,36382.44,29466.95,6915.49,0,organic,2018,Boston,2018-03-25,17680,1.60
2018-03-25,1.47,182492.41,5140.14,51115.63,0,125061.81,102033.82,23027.99,0,organic,2018,GreatLakes,2018-03-25,17682,1.30
2018-03-25,1.66,15502.38,728.9,4308.74,0,10464.74,7398.87,3065.87,0,organic,2018,CincinnatiDayton,2018-03-25,17687,1.32
2018-03-25,1.36,23169.17,371.93,239.04,9.87,22548.33,22545,3.33,0,organic,2018,HarrisburgScranton,2018-03-25,17719,1.39
2018-03-25,1.31,11125.08,533.97,1113.33,0,9477.78,7760.23,1717.55,0,organic,2018,Columbus,2018-03-25,17724,1.20
2018-02-04,1.48,3001.55,0,950.25,0,2051.3,1736.68,314.62,0,organic,2018,Louisville,2018-02-04,17732,1.12
2018-03-25,1.34,8620.15,111.52,296.6,0,8212.03,8212.03,0,0,organic,2018,MiamiFtLauderdale,2018-03-25,17753,1.28
2018-03-25,2.09,20242.65,144.4,10949.63,0,9148.62,9137.73,10.89,0,organic,2018,HartfordSpringfield,2018-03-25,17765,1.89
2018-03-25,1.46,31489.27,5372.35,1047.92,0,25069,23054.17,2014.83,0,organic,2018,DallasFtWorth,2018-03-25,17770,1.12
2018-03-25,1.55,181040.19,3445.85,41893.24,641.59,135059.51,125890.81,9168.7,0,organic,2018,Midsouth,2018-03-25,17799,1.33
2018-03-25,1.31,36999.72,8247.81,67.33,0,28684.58,28094.58,590,0,organic,2018,Houston,2018-03-25,17807,0.98
2018-01-21,1.73,23115.66,2121.11,2654.73,3.61,18336.21,18326.57,9.64,0,organic,2018,Philadelphia,2018-01-21,17808,1.54
2018-03-25,1.6,24825.5,6516.4,685.92,44.09,17579.09,16514.58,1064.51,0,organic,2018,Denver,2018-03-25,17811,1.21
2018-03-25,1.52,15372.8,2399.71,3164.8,0,9808.29,9789.7,18.59,0,organic,2018,PhoenixTucson,2018-03-25,17832,1.26
2018-03-25,1.28,9506.07,319.39,1427.13,0,7685.05,3437.74,4247.31,0,organic,2018,Indianapolis,2018-03-25,17841,1.28
2018-03-25,1.48,7250.69,43.77,1759.47,0,5447.45,4834.97,612.48,0,organic,2018,Nashville,2018-03-25,17848,1.25
2018-03-25,1.38,16411.89,956.73,10.91,0,15444.25,15430.91,13.34,0,organic,2018,Pittsburgh,2018-03-25,17875,1.32
2018-03-25,1.36,8024.7,275.67,94.25,0,7654.78,7288.89,365.89,0,organic,2018,NewOrleansMobile,2018-03-25,17881,1.30
2018-03-25,1.75,5518.73,171.22,806.65,3.93,4536.93,2944.89,1592.04,0,organic,2018,Jacksonville,2018-03-25,17883,1.42
2018-03-25,1.43,20507.49,687.46,2729.79,0,16887,13920.18,2966.82,0,organic,2018,Detroit,2018-03-25,17891,1.21
2018-03-25,1.54,74180.36,4775.73,19162.3,0,50242.33,38235.54,12006.79,0,organic,2018,Plains,2018-03-25,17917,1.37
2018-03-25,1.86,118503.55,12695.3,35094.5,205.59,70508.16,70377.52,130.64,0,organic,2018,NewYork,2018-03-25,17923,1.62
2018-03-25,1.65,10720.47,1541.02,1842.23,0,7337.22,7283.04,54.18,0,organic,2018,LasVegas,2018-03-25,17931,1.33
2018-03-25,1.66,31275.39,1746.29,8110.67,0,21418.43,1712.1,19700.47,5.86,organic,2018,Portland,2018-03-25,17955,1.46
2018-03-25,1.58,374859.68,19823.16,58366.54,201.04,296468.94,265716.88,30752.06,0,organic,2018,Northeast,2018-03-25,17957,1.56
2018-03-25,1.74,91739.92,11197.66,29959.26,0,50583,50420.81,162.19,0,organic,2018,LosAngeles,2018-03-25,17972,1.20
2018-03-25,1.64,34687.2,10102.62,10778.96,0,13805.62,13802.29,3.33,0,organic,2018,SanFrancisco,2018-03-25,17993,1.58
2018-03-25,1.63,22596.13,9.44,257.67,0,22329.02,22329.02,0,0,organic,2018,NorthernNewEngland,2018-03-25,18002,1.51
2018-03-25,2.02,13379.77,86.84,5923.16,98.37,7271.4,6881.8,389.6,0,organic,2018,RaleighGreensboro,2018-03-25,18026,1.51
2018-03-25,1.45,11040.51,209.54,1106.74,0,9724.23,8756.67,967.56,0,organic,2018,Orlando,2018-03-25,18040,1.41
2018-03-25,1.48,96048.46,1753.94,41364.9,40.54,52889.08,8496.71,44278.26,114.11,organic,2018,Seattle,2018-03-25,18051,1.23
2018-03-25,1.42,17340.49,295.16,3478.97,81.25,13485.11,12149.49,1335.62,0,organic,2018,RichmondNorfolk,2018-03-25,18062,1.34
2018-02-25,1.57,1459852.55,122912.97,340374.83,1063.32,994471.5,765056.82,229158.56,256.12,organic,2018,TotalUS,2018-02-25,18069,1.26
2018-03-25,1.38,16025.2,163.55,4234.24,81.45,11545.96,9882.44,1663.52,0,organic,2018,SouthCarolina,2018-03-25,18095,1.39
2018-03-25,1.6,9097.89,82.57,1984.01,0,7031.31,6152.25,879.06,0,organic,2018,Roanoke,2018-03-25,18108,1.16
2018-03-25,1.42,163496.7,29253.3,5080.04,0,129163.36,109052.26,20111.1,0,organic,2018,SouthCentral,2018-03-25,18116,1.08
2018-03-25,1.6,271723.08,26996.28,77861.39,117.56,166747.85,87108,79495.39,144.46,organic,2018,West,2018-03-25,18126,1.28
2018-03-25,1.63,9608.95,1902.19,3572.34,0,4134.42,4124.42,10,0,organic,2018,Sacramento,2018-03-25,18139,1.54
2018-03-25,1.45,121917.39,1929.39,18391.86,110.05,101486.09,85313.41,16172.68,0,organic,2018,Southeast,2018-03-25,18148,1.35
2018-03-25,1.75,19086.94,865.91,10936.47,0,7284.56,7284.56,0,0,organic,2018,SanDiego,2018-03-25,18171,1.36
2018-03-25,1.62,15303.4,2325.3,2171.66,0,10806.44,10569.8,236.64,0,organic,2018,WestTexNewMexico,2018-03-25,18172,1.17
2018-03-25,1.59,5750.56,266.92,1707.42,2.21,3774.01,638.89,3105.71,29.41,organic,2018,Spokane,2018-03-25,18180,1.24
2018-03-25,1.82,8210.37,1426.49,2452.5,0,4331.38,3427.78,903.6,0,organic,2018,StLouis,2018-03-25,18210,1.24
2018-03-25,1.04,14503.47,78.95,148.37,0,14276.15,9992.31,4283.84,0,organic,2018,Syracuse,2018-03-25,18222,1.36
2018-03-25,1.41,10028.49,138.15,773.22,0,9117.12,8208.82,908.3,0,organic,2018,Tampa,2018-03-25,18234,1.32
